prune-prop,n-mip-trees,mip-prune-test-fidelity,random-prune-test-fidelity,greedy-prune-test-fidelity
1,5.2,0.865,0.876,0.877
2,5.2,0.865,0.8710000000000001,0.877
3,5.2,0.865,0.8539999999999999,0.877
4,5.2,0.865,0.867,0.877
5,5.2,0.865,0.8640000000000001,0.877
6,5.2,0.865,0.873,0.877
7,5.2,0.865,0.8779999999999999,0.877
8,5.2,0.865,0.884,0.877
9,5.2,0.865,0.873,0.877
10,5.2,0.865,0.8099999999999999,0.877
