prune-prop,n-mip-trees,mip-prune-test-fidelity,random-prune-test-fidelity,greedy-prune-test-fidelity
1,6.6,0.853,0.85,0.853
2,6.6,0.853,0.837,0.853
3,6.6,0.853,0.8379999999999999,0.853
4,6.6,0.853,0.836,0.853
5,6.6,0.853,0.85,0.853
6,6.6,0.853,0.8470000000000001,0.853
7,6.6,0.853,0.85,0.853
8,6.6,0.853,0.857,0.853
9,6.6,0.853,0.843,0.853
10,6.6,0.853,0.85,0.853
